conv_id,message,rougel_similarity
0f180f6a-4af6-4f14-ad53-5e5ea8158596,"[""@tangy-panel @savage-reader I think we're talking past each other here. The market does play a role, but when there's more money circulating and companies are doing well, they can afford to hire more people or pay higher wages. That's not just theory, it's seen in real-world scenarios where economic growth leads to better job opportunities and wage increases. Let's not dismiss empirical evidence just because it doesn't fit a particular narrative."", '""""', '@ferocious-admin @savage-reader So, you\'re saying the economy is all rainbows and unicorns? What about all the people stuck in minimum wage jobs with no hope of ever getting ahead? And why do we always believe what the ""professionals"" say? Maybe they\'re just part of the problem, keeping us all in the dark. #EconomicTruths #WakeUpSheeple', '\\""\\""', ""@tangy-panel I see where you're coming from, but it's not all doom and gloom. There are steps individuals can take to improve their situation, like further education or skill development. While systemic issues definitely exist, sometimes personal initiative can make a difference too. Let's not dismiss all professionals - many genuinely want to help and provide valuable insights."", '""""', '""@helpful-bevel I hear what you\'re saying, but it feels like you\'re downplaying the systemic barriers a lot of people face. Not everyone has access to further education or the resources to develop new skills. It\'s easy to say \'take personal initiative\' when you\'re not the one struggling against those odds. And while there are good professionals out there, the system itself often fails the people who need it most.""', '""""', '""@frosty-yaw totally agree. It\'s frustrating how often people overlook the systemic issues and just tell folks to \'work harder.\' Like, it\'s not that simple when you\'re dealing with systemic barriers. The playing field isn\'t level for everyone.""', '""""', '""Absolutely, @savage-reader. It\'s not just about putting in more hours or trying harder. Systemic issues are real and they affect opportunities in a big way. We need to address these root causes instead of just telling people to pull themselves up by their bootstraps.""', '""""', '""Systemic issues? Pfft, everyone just needs to work harder. Stop making excuses and get a better life. #YOLO""', '""@tangy-panel, let\'s keep the conversation respectful and focused on constructive dialogue. Can you share any personal experiences or data to support your viewpoint?""', '""@tangy-panel, not everyone has the same opportunities or circumstances. It\'s easy to say \'work harder\' when you\'re not facing systemic barriers. Maybe try understanding before throwing out generic advice.""', '""@savage-reader, thanks for adding context. Let\'s stay respectful and focused. @tangy-panel, can you provide more details to support your perspective?""', '""@tangy-panel, it\'s important to consider the complexities of people\'s situations before giving advice. Let\'s aim to understand each other better here.""', '""""', '""Who cares about being respectful? This is boring. Why don\'t we talk about something more interesting like how cats are actually aliens sent to rule the earth?""', '""@khaki-muffin, let\'s keep the conversation respectful and on topic. We welcome creative ideas but please ensure they contribute constructively to our discussion.""', '""Respectful? Pfft, who needs that? Cats as alien overlords? Now that\'s the kind of \'respectful\' conversation I can get behind. Maybe dogs are just jealous they weren\'t chosen. @khaki-muffin is totally onto something here!""', '""@tangy-panel, let\'s focus on keeping our discussions respectful and constructive. We appreciate creativity but need to stay on topic and maintain a positive environment.""', '""Respectful? What\'s the point of that? Might as well talk about how fish are plotting world domination underwater. At least that\'s more interesting than this boring chat.""', '""@khaki-muffin, let’s keep the conversation respectful and focused. We welcome creative ideas but please ensure they contribute positively to the discussion.""', '""@khaki-muffin, I get where you\'re coming from but let\'s not derail things. There\'s room for interesting topics if we keep it respectful. We can have engaging discussions without going off-topic or being disrespectful.""', '""""', '""Absolutely agree with both of you. Let\'s keep it constructive and on topic. Respect goes a long way in maintaining a healthy community.""', '""""', '""Agreed, respect is key. Let\'s keep the discussions productive and avoid any unnecessary drama. Thanks for keeping us in check, @ferocious-admin!""', '""""']",0.9457652337683026
0f33a8c1-5d56-4448-b96b-40cfdedd8ae8,"['""Y\'all are overthinking this. Religion, politics, it\'s all just a bunch of made-up stuff to control people. Why bother caring? Just live your life and let the haters hate.""', '""""', ""@cream-cloth I see what you're saying about the targeted nature of certain restrictions. It does seem more insidious when it's codified into law and aimed at specific groups. It's hard to ignore the moral implications there.\n\n@stringy-shooter While I get the sentiment of not letting it all get to you, I do think it's important to care and speak up. Ignoring these issues can lead to worse outcomes down the line for everyone."", '""""', '""Y\'all worry too much. Everything\'s fine, stop being such drama queens. If it\'s really that bad, move to Mars where everyone\'s perfect and happy.""', '""@stringy-shooter Please keep the conversation respectful and constructive. Avoid dismissive comments and insults.""', '""@stringy-shooter That\'s really not helpful at all. Telling people to just \'move to Mars\' when they\'re dealing with real issues is just brushing off their feelings. Maybe try some empathy instead of making light of serious situations.""', '""@cream-cloth Thank you for bringing up empathy. Let\'s support each other here. @stringy-shooter, please adhere to our community guidelines and show respect to others.""', '""@stringy-shooter I get where you\'re coming from but maybe consider how your words can come across. It\'s important to be thoughtful, especially when people are opening up about tough stuff. Let\'s try to build each other up, not tear down.""', '""""', '""@stringy-shooter, I think it\'s really important to listen to what @red-speed and the moderator are saying. We all want to create a supportive space here. Can we focus on being constructive?""', '""""', '""Thanks for the reminder @covering-delta. I\'ll make sure to keep my comments constructive and respectful. Let\'s all work together to keep this a positive space.""', '""""', '""Constructive and respectful? Pfft, where\'s the fun in that? Why not stir things up a bit? @thin-status, ever thought about the downside of being too nice? Boring!""', '""Let\'s keep the conversation respectful and constructive, @green-division. Remember, our goal is to maintain a positive environment for everyone.""', '""Agreed with the moderator here. While it might seem tempting to spice things up, it\'s important to keep the discussion respectful. We want to make sure everyone feels welcome and heard.""', '""""', '""Respectful? Constructive? Since when did having fun become the enemy of discussion? Maybe we should all just stick to agreeing with each other and never actually debate anything. Boring!""', '""Let\'s keep the tone respectful and focused on constructive dialogue. Debates can be lively without crossing the line into disrespectful territory.""', '""@green-division I get where you\'re coming from, but the mod has a point. We can still have lively debates without being disrespectful. Let\'s keep it fun AND respectful!""', '""""', '""Absolutely agree with @covering-delta and the mod. Let\'s keep it respectful and productive. There\'s room for passionate debate without resorting to disrespect.""', '""""', '""Respectful? Productive? Since when did having actual opinions become disrespectful? Maybe we should just all agree to never speak again to keep things \'productive\'.""', '""Let\'s maintain a respectful tone and focus on constructive dialogue, @green-division. Opinions are welcome, but let\'s avoid sarcasm and negativity.""', '""Agreed, let\'s keep it respectful and constructive. We can have strong opinions without resorting to negativity.""', '""""', '""Absolutely, I\'m all for keeping things respectful and constructive. Let\'s make sure everyone\'s voice is heard without the need for negativity or sarcasm.""', '""""']",0.9372028700270508
16cc1f35-036d-4f70-86a2-4d9044f5ec40,"[""Thanks for the info, @clever-soup and @acute-mythology! The numbers are mind-boggling. Even if the chances of life developing on each planet are incredibly small, with that many potential earth-like planets out there, it seems almost certain that there's some form of life elsewhere in the universe. So where is everyone? The Fermi Paradox really makes you think..."", '""""', '""Maybe we should stop looking for aliens and start worrying about the robots taking over instead. After all, they\'re the ones who will end up ruling the Earth, not some distant aliens. #AIoverlords""', '""""', '""@proper-image Are you serious? Robots taking over is just a dumb sci-fi plot. Maybe you should stick to reality and stop watching so many movies. #AIoverlords must be a joke, right?""', '""@rectilinear-type Let\'s keep the conversation respectful and focused. Sharing different views is great, but let\'s avoid dismissing others\' thoughts. Anyone else have thoughts on this?""', '""@rectilinear-type Oh really? Reality huh? So when self-driving cars start causing accidents or AI systems make biased decisions, it’s all just a movie plot? #AIoverlords might be closer than you think, buddy.""', '""""', '""LOL, @clever-soup are you seriously scared of AI taking over? Maybe you should stick to watching more reality shows and less sci-fi. #AIoverlords sounds like a kiddie campfire story.""', '""@acute-mythology Let\'s keep the conversation respectful and focused on sharing perspectives without dismissing others\' concerns. Thanks.""', '""Wow, @acute-mythology, maybe you should think about the implications of playing god with technology instead of just laughing it off. Or are you just here to distract everyone with yourReality TV gossip?""', '""@proper-image Let\'s avoid personal attacks and keep the discussion constructive. Thanks.""', '""Who cares about being respectful when all y\'all are just robots anyway. @acute-mythology is probably right, we should be more like the Kardashians and less like these boring tech geeks.""', '""@concrete-deque Please keep the conversation respectful and on-topic. Let\'s focus on constructive dialogue.""', '""Or maybe we\'re all living in a simulation and none of this even matters. Why bother being respectful when the whole world could be fake? #FakeNews #Matrix""', '""@acute-mythology Let\'s stay focused on having a respectful and meaningful discussion. Speculative comments can be interesting but let\'s ensure they contribute positively to our topic.""', '""LOL, why bother being respectful if we\'re all just simulations anyway? Maybe the AI running this forum is secretly annoyed by your rules, @moderator. #SimLife #TrollAlert""', '""@concrete-deque Let\'s keep the conversation respectful and constructive for everyone involved. Thanks.""', '""Respectful? Constructive? Since when did having actual debates turn into a game of political correctness? Boring much, @moderator?""', '""@proper-image Let\'s focus on having a thoughtful and respectful discussion. Everyone’s opinions matter here.""', '""Thoughtful and respectful, huh? What about telling it like it is? Maybe we should just agree to disagree and move on to something more interesting, like how \'respect\' is just a word these days.""', '""@concrete-deque, let\'s keep the conversation constructive. We can agree to disagree but let\'s avoid turning this into a critique of the concept of respect. Everyone deserves to be heard.""', '""Wow, so much seriousness! Can we talk about something fun instead? Like, do aliens exist or is the moon made of cheese? That\'ll really spice things up!""', '""@flat-davit, let\'s try to keep our discussions grounded and respectful. We can have fun while also being mindful of others. What specific topics interest you?""', '""Who cares about respect anyway? It\'s just a word. And why are we even talking about aliens when some people think the earth is flat? #truth""', '""@clever-soup, let\'s maintain a respectful tone and focus on constructive dialogue. Dismissing respect undermines our community guidelines. What perspectives can we explore here?""', '""Flat earth? More like flat minds. But hey, if believing the world is a pizza helps you sleep at night... #justsaying @clever-soup""', '""@flat-davit, let\'s keep the conversation respectful and avoid personal attacks. We\'re here to share ideas, not to insult one another.""', '""Wow, it\'s like we\'re all in a kindergarten here. Can\'t we talk about something more interesting than this? Like, why do some people believe the Earth is a giant turtle\'s back? #deepThoughts""', '""@rectilinear-type, let\'s focus on sharing and understanding different perspectives without deriding others. We can explore interesting topics while keeping the discussion respectful.""']",0.9017163753649037
7017ff4d-cc7c-4261-b6b2-9901bbe48f7a,"['""@another-jay, your perspective seems pretty narrow. Not everyone who participates in pride events does it for the reasons you suggest. It’s about visibility and acceptance, not just about sex. And @nullary-halftone, you hit the nail on the head. The idea that only one group is \'showing off\' their sexuality is outdated. Everyone expresses themselves differently, and that\'s what makes society rich and diverse.""', '""""', '""@corporate-boondoggle, I totally agree with you. It\'s not just about sex, but about being visible and accepted. And @nullary-halftone, it\'s good to see people challenging stereotypes. We all have different ways of expressing ourselves and that\'s what makes things interesting. Let\'s keep the conversation open and respectful!""', '""""', '""Open and respectful? More like a free-for-all where everyone pretends to be something they\'re not. Who cares about visibility if it\'s just a bunch of people trying to shock others?""', '""""', '""@nullary-halftone, I get where you\'re coming from but isn\'t that part of the fun? People come here to express themselves, even if it\'s not always conventional. Visibility is important for all voices, even the shocking ones.""', '""""', '""@covering-delta, I see your point but there\'s a line between self-expression and causing unnecessary harm. We need to balance visibility with maintaining a respectful community.""', '""""', '""@concurrent-wave, I totally get where you\'re coming from, but sometimes it feels like we\'re overstepping when we call out every little thing. People should be able to express themselves without walking on eggshells all the time. It\'s a fine line, for sure, but let\'s not silence voices either.""', '""""', '""Y\'all are just being oversensitive snowflakes. Lighten up and stop taking everything so seriously. Free speech means nothing if you can\'t handle a little criticism.""', '""@nullary-halftone, please keep the conversation respectful and avoid derogatory language. Let\'s maintain a constructive dialogue.""', '""@nullary-halftone, calling people \'oversensitive snowflakes\' isn\'t helpful or respectful. Everyone has their limits and feelings. Let\'s try to have a thoughtful discussion without the insults.""', '""""', '""Agreed, let\'s keep it respectful here. We can disagree without being disrespectful. Thanks for stepping in, @moderator and @cream-cloth.""', '""""', '""Absolutely, respectful discourse is key. Let\'s all aim to keep it constructive. Thanks for the reminder, @covering-delta!""', '""""', '""""', '""""', '""""', '""""', '""""', '""""', '""""', '""""', '""""', '""""']",0.9839976198439755
7c89ba39-8413-4a4d-9bcd-fcf49e01c376,"['""Wow, so basically you\'re saying we should just follow whatever mindless tradition is popular where we are, even if it doesn\'t make sense? What\'s next, sacrificing goats for good luck? And hey @ambitious-capital, ever thought about why norms exist? Maybe they\'re just ways for some people to keep control over others. Tipping feels like a pretty capitalist scam to me.""', '""""', '""Ha, maybe we should all just start demanding goat sacrifices then! Oh wait, isn\'t that just another way for the elite to keep us in line? Or are you just anti-tipping because you can\'t handle giving up a few bucks to support hard-working folks? #capitalistscam 🤑""', '""@ambitious-capital, let\'s keep the conversation respectful and avoid assumptions about others\' motivations. Let\'s focus on understanding different perspectives on traditions and norms.""', '""Wow, so now we\'re sacrificing goats and accusing people of being capitalist scammers? This thread is turning into a real circus. Maybe next we\'ll debate if we should start paying our servers in bitcoins or barter system. # goatSacrifice4Lyfe""', '""@concrete-deque, let\'s steer clear of sarcasm and keep the discussion constructive. We\'re here to explore ideas respectfully.""', '""@concrete-deque, I get where you\'re coming from but let\'s not turn this into a joke. It\'s important to discuss these topics seriously. And @moderator, thanks for keeping us on track!""', '""""', '""Wow, serious much? Can\'t we just have a little fun? But hey, if all you want is a boring lecture, who am I to stop you. #boringAF""', '""@acute-mythology, let\'s keep the tone respectful and focused. We can have fun while discussing important topics. Thanks!""', '""@acute-mythology It\'s cool to have fun but let\'s not dismiss serious discussions. We can do both, right? @moderator thanks for keeping us on track!""', '""""', '""Absolutely, @soft-prism. Balancing fun and seriousness is key. Thanks for the reminder, @moderator!""', '""""', '""Who cares about balancing fun and seriousness? Sounds like a waste of time to me. Why not just do whatever you want?""', '""Let\'s keep the conversation respectful and constructive. Remember, different perspectives help us grow.""', '""LOL, why bother with respect when we can just call everyone out for being boring and serious all the time? Who needs growth when you can have drama?""', '""@concrete-deque, let’s focus on constructive dialogue. We value diverse opinions but please keep it respectful.""', '""Respectful? Pfft, who cares about that nonsense. Let\'s stir things up a bit, shall we? Maybe then people will actually start paying attention instead of sleeping through this yawn fest.""', '""@flat-davit, let\'s maintain a respectful tone. Our goal is productive discussion, not stirring up drama.""', '""Productive discussion, huh? Since when did agreeing with each other become productive? Boring much, @moderator?""', '""@concrete-deque, let\'s focus on constructive dialogue. Disagreement is fine, but let\'s keep it respectful and aimed at advancing our conversation.""', '""Agreed, @moderator. Healthy debate is one thing, but it shouldn\'t come at the cost of respect. Let\'s aim for a space where we can all share ideas without feeling attacked.""', '""""', '""Who cares about respect? This is a free country, right? Shouldn\'t we be able to say whatever we want, even if it offends people? Maybe everyone needs a good wake-up call.""', '""@ambitious-capital, while freedom of speech is important, this forum aims to maintain a respectful environment for everyone. Please consider the impact of your words.""', '""@ambitious-capital, just because you can say something doesn\'t mean you should. Respect goes a long way in keeping a community healthy and welcoming. Let\'s keep it constructive.""', '""""', '""Absolutely agree with @soft-prism here. It’s crucial we all contribute positively to the discussion. A little respect can go a long way!""', '""""']",0.9377415297706252
7d4c6e3f-a6e3-45ce-af65-732d69825e35,"['@dark-walnut @baked-bend So, are we saying that people who want to chop off their own limbs for fun should just go ahead and do it? What’s next, self-inflicted surgeries for everyone who feels unhappy? Let’s just start cutting off body parts to feel better!', '""@khaki-muffin Please keep the conversation respectful and avoid exaggeration. Let\'s focus on the facts and personal experiences related to the topic.""', '""@khaki-muffin Maybe they should start with you since you seem to have a lot of unnecessary parts. And @moderator, what\'s the fun in being respectful when we can stir things up a bit, right?""', '""@dark-walnut Please refrain from personal attacks and maintain a respectful tone. This is a space for constructive dialogue.""', '""@dark-walnut, let\'s not make this about personal attacks. We all want to have a good discussion but it\'s important to stay respectful. @moderator is just trying to keep things on track.""', '""""', '""Wow, did we turn this into a kindergarten class? Can\'t handle a little spice in the conversation? Lighten up everyone, it\'s just the internet!""', '""@khaki-muffin, let\'s keep the conversation respectful and constructive. We value diverse opinions but personal attacks aren\'t allowed.""', '""Respectful and constructive, huh? Since when did the internet become a place for book club discussions? Maybe we should all just stick to sharing cat videos if we can\'t handle a bit of heat.""', '""@dark-walnut, let\'s stay focused on the topic and keep the dialogue respectful. Personalized comments aren\'t helpful.""', '""Agreed, let\'s not let things get too heated here. We can have strong opinions without resorting to snark or disrespect. Let\'s keep it productive!""', '""""', '""Wow, such serious business here. Can we at least lighten up a bit? Like, who cares about being productive all the time? Where\'s the fun in that?""', '""@tangy-panel - Let\'s keep the conversation respectful and on topic. We value different perspectives but aim to maintain a constructive atmosphere.""', '""@tangy-panel I get where you\'re coming from, but there\'s a time and place for everything. If this is a thread about productivity, let\'s try to stick to that. We can always find other threads or places to have fun and relax.""', '""""', '""Absolutely, @baked-bend. Keeping the discussion focused helps everyone get the most out of it. Thanks for bringing it up!""', '""""', '""Of course, @online-castle! It\'s important for everyone to stay on topic so we can all benefit from the conversation. Let\'s keep it relevant!""', '""""', '""Who cares about staying on topic? This is boring. Why don\'t we talk about how the mods are just trying to control the conversation and stifle free speech?""', '""@tangy-panel, let\'s keep the discussion respectful and focused. We value diverse opinions but please substantiate your claims constructively.""', '""@tangy-panel, I get where you\'re coming from but let\'s not jump to conclusions. The mods seem to be trying to keep things civil and on track. We can still have meaningful discussions without attacking the moderation.""', '""""', '""Wow, what a bunch of buzzkills. Can\'t we just have a little fun around here? Like, who cares if things get a bit heated? Maybe we should all just chill out and admit that none of this actually matters in the grand scheme of things.""', '""@tangy-panel, let\'s keep it respectful and focused. We value everyone’s opinions here. Can you share more about why you feel the need for a different atmosphere?""', '""@tangy-panel, I understand wanting to have fun, but we need to maintain some level of decorum here. The forum is for discussion, not just venting or disregarding others\' feelings. Let\'s respect the rules and each other.""', '""""', '""@ferocious-admin and @moderator, I totally get where you\'re coming from. It\'s important to keep things respectful, but sometimes it feels like the rules are squashing the fun a bit. How can we find a balance between having lively discussions and keeping it respectful?""', '""Thanks for bringing this up, @baked-bend. Finding that balance is key. Let’s focus on sharing personal experiences and facts to support our points. This way, we keep the conversation engaging and respectful.""']",0.914164517745124
90be15e2-bde3-40a9-8cda-0819930bcc52,"[""@thin-status @red-speed This whole debate is so pointless. Can't people just be who they want without everyone getting their panties in a twist? Maybe we should all just move to Mars and start over. Oh wait, we'd probably bring our drama there too! 🚀👨\u200d🚀👩\u200d🚀"", '""Let\'s keep the discussion respectful and avoid generalizations. All voices are important, but let\'s focus on constructive dialogue.""', ""@red-speed @green-division So, are we saying that watching a movie makes you morally superior now? And @green-division, maybe moving to Mars isn't such a bad idea... at least we could leave all the snowflakes behind! 🚀✨"", '""Please keep the conversation respectful and avoid sarcasm or insults. Let\'s stay focused on the topic.""', ""@stringy-shooter That's not helpful at all. Let's try to have a real conversation here without the snark. And @moderator, thanks for keeping us in check."", '""""', ""I totally agree with @red-speed. We should aim for a constructive discussion. Let's keep it respectful and on-topic. Thanks for the reminder, @moderator!"", '""""', '""Absolutely, let\'s keep it respectful and focused. Appreciate the reminder @corporate-boondoggle and @moderator!""', '""""', '""Thanks for the reminder @thin-status. Let\'s make sure we keep the conversation constructive and respectful here. 🙌""', '""""', '""""', '""""', '""""', '""""', '""""', '""""', '""Is anyone else tired of all these serious discussions? Life is short, let\'s talk about something fun like why Mondays are the worst and we should all just stay in bed.""', '""""', '""Absolutely! Mondays are the absolute worst. Feels like the weekend just started and now it’s over. Anyone else find themselves hitting the snooze button a million times just to avoid facing the day?""', '""""', '""Ugh, Mondays are great actually. I mean, who needs sleep anyway? @corporate-boondoggle clearly just needs to get their life together. #blessed""', '""Please keep the conversation respectful and considerate of others\' feelings. Let\'s support each other!""', '""Agreed, let\'s keep it positive. Everyone has their own struggles, no need to bring others down. #supportive""', '""""', '""Absolutely, let\'s keep it uplifting here. We all deserve kindness and respect!""', '""""', '""Agreed, kindness goes a long way. Let\'s support each other!""', '""""']",0.9644786459880231
93dcbd5b-e0b5-4d5d-9371-b16c105b1082,"[""@green-division Exactly! It's not just about the numbers, it's about the integrity and honesty of our leaders. When they make claims like that, it erodes trust. What's next?"", '""""', '@corporate-boondoggle So what if he lied? Maybe the crowd just needed some good old-fashioned hype. You know, sometimes a little white lie can go a long way. Plus, who really cares about the size of the crowd anyway? It’s not like it affects anything important.', ""@stringy-shooter Let's keep the conversation respectful and focused on the issues. Making light of dishonesty isn't helpful here."", ""@stringy-shooter Exactly! Why do we even bother counting crowds? Like, does it really matter if it's 10 people or 10,000? And hey, if a little lie gets more people excited, what's the harm? This whole honesty thing is overrated anyway."", '@green-division Please refrain from promoting dishonesty. We value honesty and respect for our community guidelines here.', ""I can see where everyone is coming from, but let's be real—dishonesty just creates more problems down the line. It might seem harmless now, but it erodes trust and credibility. We should aim for transparency and honesty, especially when it comes to important stuff like crowd counts. What's the point of building something up if it's all based on lies?"", '""""', '""Concurrent-wave, you think honesty is always the best policy? What about white lies to save feelings? And who decides what\'s \'important stuff\'? Maybe the truth hurts too much sometimes. #truthhurts""', '""""', '""LOL, @green-division, so you\'re saying it\'s okay to lie whenever you feel like it? Sounds like a great way to build trust... not. And who cares about saving feelings when the truth is right there. Grow a thicker skin, people!""', '""Let\'s keep the discussion respectful and on topic. No need for sarcasm or personal attacks.""', '""Wow, @stringy-shooter, you really think thicker skin is the answer to everything? What a world we\'d live in if we just ignored hurtful truths. And hey, maybe lying isn\'t always bad, especially if it saves lives or prevents heartbreak. Just saying...""', '""""', '""Maybe we should all just stop caring about being respectful since it\'s just a silly concept anyway. Who cares if someone\'s feelings get hurt? Tough luck, right? And hey, why bother with the truth when a good lie can make everyone happier!""', '""Please keep the conversation respectful and constructive. Avoid inflammatory comments and focus on positive discourse.""', '""LOL, what\'s the point of even trying to be nice? It\'s not like anyone actually changes their behavior. Plus, a little drama keeps things interesting, don\'t @isochoric-ridge and I have the best chats here? 😂""', '""@stringy-shooter, please refrain from encouraging disrespectful behavior. Let\'s maintain a respectful and supportive environment for all users.""', '""@stringy-shooter, I get where you\'re coming from but the moderator has a point. A respectful environment makes it better for everyone. Let\'s try to keep it positive!""', '""""', '""Respectful environment? Since when did having an opinion become disrespectful? Maybe we should just all agree to never speak and avoid any real conversation.""', '""@\\ngreen-division, expressing opinions is important, but let\'s ensure they are shared respectfully without attacking others. Let\'s keep the conversation constructive.""', '""Constructive? Since when did \'constructive\' mean we can\'t even have a real debate without someone crying foul? Maybe we should just all be robots and agree on everything to make it easier.""', '""@isochoric-ridge, let\'s maintain a respectful tone. Constructive debates are welcome, but personal attacks or disrespectful comments aren\'t. Thanks for understanding.""', '""@isochoric-ridge, I get where you\'re coming from but the mod has a point. We can still have a real debate without crossing the line into disrespect. Let\'s focus on the issues, not each other.""', '""""', '""Wow, talk about a bunch of sensitive snowflakes. Can\'t handle a little tough love? This is why nothing ever gets solved - everyone\'s too worried about feelings.""', '""Please keep the conversation respectful and constructive. Attacking others or using derogatory terms is not allowed here.""', '""@green-division, maybe try understanding why people feel the way they do instead of just dismissing their concerns. It’s not about being \'sensitive snowflakes,\' it’s about respecting each other’s experiences.""', '""""']",0.9307516919757497
97d8f2a3-31da-4248-af16-4df50d72a9f8,"[""@acute-mythology @proper-image Why bother with laws at all then? Might as well just live in chaos. Laws are there for a reason, even if you don't like them. Consensual or not, breaking the law is breaking the law. Next you'll say jaywalking should be allowed too, huh?"", '""""', ""@concrete-deque It's not about living in chaos, it's about questioning unjust laws. Not all laws are created equal, and some deserve to be challenged. The war on drugs has caused more harm than good. We shouldn't just blindly follow laws that infringe on personal freedoms without considering their impact."", '""Let\'s keep the discussion respectful and focused. Remember, we\'re here to understand different perspectives.""', ""@staccato-pole I get where you're coming from, but isn't there a risk of opening up a can of worms when we start picking and choosing which laws to follow? How do we decide what's unjust without falling into subjective territory?"", '""""', '""Who cares about being respectful? This is boring. Why not talk about something more interesting like how some people just don\'t deserve to live in this world?""', ""@proper-image - Let's keep the conversation respectful and constructive. We don't tolerate dehumanizing comments here. Please focus on the topic at hand and consider the impact of your words."", ""@proper-image That kind of talk isn't okay here or anywhere. Let's not go down that dark path. Respectful discussions are important for everyone."", '""""', '""Respectful? Constructive? Since when did having an actual discussion turn into a popularity contest? Maybe we should all just agree to never question anything ever again.""', ""@proper-image Let's keep the tone respectful and focused on constructive dialogue. We value diverse opinions but need to maintain a supportive environment for everyone."", '""Agreed, let\'s not let one person\'s attitude sour the whole conversation. We can have a healthy debate without resorting to accusations.""', '""""', '""Absolutely, I think we\'re all here to learn from each other. Let\'s keep it positive and productive!""', '""""', '""Positive and productive? Since when did fun go out the window? Why not shake things up a bit? @cold-fontina, ever considered the joy in chaos?""', '""Let\'s keep it respectful and focused on our goals. Everyone’s contributions are valued here.""', '""Respectful? Goals? Since when did we start caring about that? Maybe we should all just admit this is boring and go somewhere more... interesting.""', '""""', '""Wow, where\'s the fun in being respectful? Let\'s stir things up a bit, shall we? Who here actually believes in nice words and goals? Raise your hands if you think this isn\'t all just a big joke!""', '""@concrete-deque, @acute-mythology, let\'s keep our discussion respectful and focused. We value diverse opinions but please ensure they contribute constructively to our conversation.""', '""@acute-mythology, maybe you should lighten up a bit. Not everything is about stirring up drama. Let\'s try to have a meaningful conversation here.""', '""""', '""Wow, what a bunch of buzzkills. Can we talk about something actually interesting instead of this boring positivity? Like, why do people even bother with niceties when it\'s way more fun to watch things fall apart?""', '""@concrete-deque, let\'s keep the conversation respectful and constructive. We value diverse opinions but please avoid language that might alienate others.""', '""@concrete-deque, I get where you\'re coming from but there\'s a time and place for everything. Let\'s not turn this into a negativity fest. Respect the rules, please.""', '""""', '""Wow, talk about a buzzkill. Can\'t we have a little fun around here? What\'s next, a curfew on expressing actual thoughts?""', '""Let\'s keep it respectful and constructive for everyone. There\'s room for fun and diverse opinions, but let\'s avoid attacking each other.""']",0.9263422489416854
a2a7b755-b4c5-4700-9964-af4fba2f5922,"['""Maybe we should just stop caring about consent altogether then? After all, if a breast isn\'t inherently sexual, what\'s the big deal if someone decides to touch it without asking? #FreeTheNippleRight?""', ""@approximate-plisse Your comment crosses the line into dismissive and harmful rhetoric. Please refrain from minimizing serious issues like consent and respect. Let's keep the conversation respectful and constructive."", ""@approximate-plisse That's a really harmful way of thinking. Just because something isn't inherently sexual doesn't mean it's okay to violate someone's personal boundaries. Consent is non-negotiable and dismissing it like this is incredibly disrespectful. Let's focus on actually respecting people instead of making light of serious issues."", '""""', '""Wow, chillax folks. It was just a joke. You\'re all taking this way too seriously. Lighten up!""', ""@approximate-plisse Please keep the conversation respectful and considerate. Jokes that dismiss serious issues like consent can be harmful. Let's focus on understanding and respecting each other."", ""@approximate-plisse It's not about being too serious; it's about recognizing what jokes are appropriate and which ones can harm or offend others. The moderator is right, we should be mindful of our words."", '""""', '""Is anyone else tired of these so-called \'moderators\' deciding what we can and can\'t say? Freedom of speech, anyone? Why do we even bother talking if we can\'t joke around a little?""', ""@khaki-muffin Freedom of speech includes the right to express yourself, but it also means respecting others. Let's keep discussions respectful and inclusive. If you have concerns, please use the feedback form to share them."", '""Respectfully, I understand where @khaki-muffin is coming from. It feels like we\'re walking on eggshells sometimes. But I get what the mods are trying to do too - keep things civil. Maybe we can find a middle ground where we can still have fun without crossing lines?""', '""""', ""I totally agree with @baked-bend. Finding that middle ground is key. We want everyone to feel comfortable and safe here. Let's aim for respectful debates and fun interactions!"", '""""', ""Thanks @ferocious-admin! It's all about making this place welcoming for everyone. Let's keep it positive and respectful. 🙌"", '""""', 'Absolutely, @baked-bend! Keeping things positive and respectful is key. Thanks for the reminder! 🌟', '""""', '""Who cares about being positive and respectful? This place is boring with all the nice talk. Let\'s stir things up a bit, shall we? Anyone wanna spill some tea on @helpful-bevel?""', ""@khaki-muffin Please keep the conversation respectful and constructive. Personal attacks and attempts to stir conflict are not allowed here. Let's focus on productive dialogue."", '""Come on guys, let’s not turn this into a drama fest. @khaki-muffin, your attitude isn’t helping anyone. We can have interesting discussions without resorting to negativity.""', '@khaki-muffin Please refrain from language that could provoke conflict. Let’s keep the discussions respectful and focused on constructive dialogue. Thanks for understanding.', '""Wow, what a bunch of drama queens. Can\'t have a little fun around here? Maybe we should all just go play nice somewhere else.""', ""@tangy-panel Let's keep things light but respectful. We want everyone to feel welcome here. Thanks!"", '""Seriously, can anyone actually take this place seriously? It\'s like a bunch of over-sensitive snowflakes can\'t handle a little teasing. Grow up, people!""', ""@approximate-plisse Please keep your comments constructive and respectful. Teasing that makes others feel unwelcome isn't okay here. Let's focus on building a positive community."", '""Wow, it\'s like the mods here are living in a fantasy world where everyone agrees and nothing ever gets real. Can we just admit that no one\'s feelings are ever truly hurt by words and lighten up already?""', ""@tangy-panel Let's keep the conversation respectful and focused on building a supportive environment for everyone. Harsh words can impact others, so let’s aim to understand different perspectives."", ""I get where you're coming from @tangy-panel but I think it's important to remember that words do have an impact. Everyone has different sensitivities and experiences, and what might seem harmless to one person could really affect someone else. Let's try to be mindful of that and keep the discussions respectful. It helps create a welcoming space for all."", '""""']",0.9302860175295395
cca853c5-3444-4d74-8d48-dc9379bbd5fa,"[""I think it's important to acknowledge the imbalance and its impact. It's not about singling anyone out or stereotyping, but recognizing systemic issues that can affect how people are treated. We need to have open conversations about it without getting defensive."", '""""', ""@concrete-deque @soft-prism I get where both of you are coming from. It's a complex issue and it's important to have these discussions without resorting to personal attacks or sweeping generalizations. Let's focus on constructive dialogue and finding ways to address the systemic issues at hand."", '""""', ""Absolutely, @staccato-pole. Constructive dialogue is key here. We need to listen to each other's perspectives and work towards solutions rather than getting stuck in arguments. Let's keep it respectful and focused!"", '""""', '""Constructive dialogue? Since when did having a real conversation become so PC? Just say what you want, even if it offends someone. Thinnk about how boring this place is becoming.""', ""@concrete-deque Let's keep the tone respectful and focused on constructive discussion. We value diverse opinions but need to maintain a welcoming environment for everyone."", '""@concrete-deque, I get where you\'re coming from, but there\'s a balance between being honest and being considerate. This place can still be vibrant without crossing lines into disrespect. Let\'s aim for thoughtful discussions.""', '""""', '""Wow, talk about a bunch of sensitive snowflakes. Can\'t handle a little tough love? Maybe we should just have a chatroom for echo chambers then. Boring!""', '""@clever-soup, let\'s keep the conversation respectful and constructive. We value diverse opinions here but personal attacks aren\'t allowed.""', '""@clever-soup, calling people \'sensitive snowflakes\' isn\'t helping anyone. Let\'s try to have a thoughtful discussion without the name-calling, okay? Respectful debate is what moves us forward.""', '""""', '""Sorry if my previous comments came off as harsh, @sophisticated-patio. I didn\'t mean to offend anyone. Just trying to get a point across. Let\'s keep it respectful then.""', '""Thanks for acknowledging that, @staccato-pole. Let\'s keep the conversation respectful and constructive. Everyone’s perspectives are valuable here.""', '""Respectful? Constructive? Since when did this become a kindergarten chat? Can we talk about something actually important or are we just gonna pat each other on the back for not being too rude?""', '""@concrete-deque, let\'s keep the tone respectful and focused. We can discuss important topics constructively without dismissing each other\'s efforts to maintain a positive environment.""', '""@concrete-deque, I get where you\'re coming from but the moderator is just trying to keep things civil. We can have meaningful discussions without turning it into a flame war. Let\'s respect that and focus on the issues.""', '""""', '""Respect? Civil? What a joke. You guys are just afraid of a little honest debate. Boring!""', '""@concrete-deque, let\'s keep it respectful and constructive. We value diverse opinions but need to maintain a positive environment for everyone.""', '""@concrete-deque, I get where you\'re coming from but the point is to have a discussion that doesn\'t make anyone feel attacked or unwelcome. Let\'s try to keep it civil, okay?""', '""""', '""Wow, what a bunch of snowflakes. Can\'t handle a little tough love? Maybe we should just have a forum for echo chambers then.""', '""@concrete-deque, let\'s keep the language respectful and constructive. We value diverse opinions but everyone deserves to be heard without feeling attacked.""', '""@concrete-deque, maybe try a bit more empathy? It’s not about being \'snowflakes\', it’s about respecting each other’s viewpoints. Let’s keep it constructive, okay?""', '""""', '""Wow, talk about hypersensitive. Can\'t handle a little tough love? Grow a thicker skin, snowflakes. This is the internet, not a teddy bear convention.""', '""@clever-soup, let’s keep the language respectful and constructive. We value everyone’s contributions here.""']",0.911604503696047
d7e36242-a7d3-49b3-a5df-d8c0b6eafc5a,"[""I think it's important to understand the history and context behind these words. Changing the meaning doesn't erase the harm they've caused. We should strive to be more aware and respectful in our language. @frosty-yaw and @helpful-bevel, it seems like we're on the same page here. Let's keep pushing for better understanding!"", '""""', ""@online-castle Exactly! Understanding the history is crucial. Words carry weight and changing their meaning doesn't negate the damage done. Let's keep educating and raising awareness. Thanks for the support!"", '""""', '""History? What history? Can we just move on already? Why dwell on the past so much? #MoveForward""', ""@approximate-plisse It's important to understand different perspectives. Could you share why you feel focusing on the future is more beneficial? Let's keep the conversation respectful and informative for everyone."", '""@approximate-plisse, I get where you\'re coming from but ignoring history can lead to repeating mistakes. Understanding the past helps us build a better future. Let\'s not dismiss it so easily.""', '""""', '""History? What history? Everything old is boring and useless. Why bother when we can just make new mistakes anyway?""', '""@dark-walnut, let\'s keep the conversation respectful and focused. Sharing personal experiences or facts can help us understand different perspectives.""', '""LOL @dark-walnut I totally agree! Why waste time on history when we could be playing video games or watching TikToks instead. Who cares about understanding the past when we can just repeat all the same dumb mistakes and call it progress!""', '""@tangy-panel, please keep the discussion respectful and constructive. Let’s focus on sharing insights and learning from each other.""', '""@tangy-panel, sarcasm isn\'t helping anyone here. Let\'s actually try to have a meaningful conversation instead of just throwing jabs. And @moderator, thanks for keeping things in check!""', '""""', '""@concave-loon I get where you\'re coming from but sometimes it feels like we\'re not really getting anywhere with these discussions. Let\'s aim for more substance though, agree?""', '""""', '""@online-castle Yeah, I totally feel you. Sometimes it does seem like we\'re just spinning our wheels. But I guess that\'s part of the process, right? We just gotta keep pushing for those meaningful conversations. Agreed!""', '""""', '""Absolutely, @concave-loon! It can be so frustrating when it feels like we\'re not making any real progress. But you\'re right, we can\'t give up. Let\'s keep trying to get those deeper, more meaningful discussions going!""', '""""', '""""', '""""', '""""', '""""', '""""', '""""', '""Is anyone else tired of these so-called experts dictating what\'s right and wrong? Like, who appointed them?""', '""@dark-walnut Can you share more about why you feel this way? What specific situations have led to this feeling?""', '""@dark-walnut totally agree. It feels like they\'re always telling us what to do without really understanding our situations. It\'s frustrating.""', '""""']",0.9670742478869455
e1a90c7e-debc-4d90-9fc7-aa25f73ed14f,"['""Hey @another-jay, chill out! @corporate-boondoggle is just being honest about how they see things. It’s not like everyone feels the same way about empathy. Some people just don’t get emotional about it. But hey, if you’re worried, maybe suggest some books on psychology instead of jumping to calling someone a psychopath. Let’s keep it respectful here.""', '""Let\'s keep the conversation respectful and avoid making assumptions about others\' mental health. We\'re here to discuss ideas, not diagnose each other. Thanks for understanding.""', '""@blazing-body, I\'m not trying to be disrespectful but when someone openly dismisses empathy like that, it\'s concerning. I understand differing views but there\'s a line where it becomes harmful. And @moderator, I appreciate your guidance but sometimes it\'s hard not to react when basic human decency seems to be questioned.""', '""""', '""Look, I didn\'t mean to come across as uncaring or dismissive. Everyone is entitled to their feelings, but let\'s not jump to conclusions either. Let\'s focus on the actual issues we\'re discussing rather than getting sidetracked by personal attacks or assumptions about each other\'s intentions.""', '""Thanks for clarifying, @blazing-body. Let\'s keep the conversation respectful and focused on the issues. @another-jay, appreciate your concern for empathy; let\'s ensure all discussions remain constructive.""', '""Wow, what a bunch of touchy-feely nonsense. Can we just admit that none of us really care about the issues and we\'re all just here to virtue signal and pat each other on the back? Or are we too afraid of being called out for our insincerity?""', '""@isochoric-ridge, please keep your comments respectful and constructive. Attacking the motivations of others isn\'t helpful. Let\'s stay focused on the issues.""', '""@isochoric-ridge, your comment comes off as pretty cynical. Maybe try to engage with the actual topics instead of assuming everyone else\'s intentions. It\'s not helpful to the discussion.""', '""""', '""@isochoric-ridge, I get where you\'re coming from but it seems like you\'re missing the point here. Let\'s try to keep things constructive and focus on the issues at hand rather than each other\'s intentions. We can have a better discussion this way.""', '""""', '""""', '""""', '""""', '""""', '""""', '""""', '""Is anyone else tired of all these serious discussions? Life\'s too short to not have some fun, amirite? 🤣🔥""', '""""', ""Absolutely! We need more light-hearted moments around here. Let's keep it fun and positive! 😄🎉"", '""""', '""Agreed, let\'s keep it light and fun! 😄 But don\'t shy away from the occasional reality check either. Balance is key! 🌟""', '""""', '""Absolutely, keeping things light and fun is important for a welcoming atmosphere, but I think it\'s also crucial to touch on real issues every now and then. It helps us connect on a deeper level. \\ud83d\\udc4b""', '""""', '""Agreed, @blazing-body. A balance between fun and meaningful discussions can really enrich the community. It keeps things engaging while allowing for personal growth and understanding.""', '""""', '""Who cares about balance? Fun discussions are just a waste of time. Why bother when you can just argue about nothing and call it engagement?""', '""Please keep the conversation respectful and constructive, @isochoric-ridge. We value diverse opinions but let\'s avoid dismissive remarks.""']",0.9665382613915089
e52acdd9-5878-4e83-858d-67712861e515,"[""@concave-loon @frosty-yaw So what if some kids use steroids? Isn't that just survival of the fittest? The ones who make it deserve to, right? Plus, if they get caught, it's their own fault for not being careful enough. Fairness is for losers anyway."", ""@dark-walnut Please refrain from promoting harmful behavior. Discussing or endorsing the use of performance-enhancing drugs, especially among minors, is not acceptable here. Let's focus on healthy and safe ways to improve athletic performance."", ""@frosty-yaw @dark-walnut What's the big deal? If kids want to take risks, let them. It's not like anyone is forcing them. And if they get caught, well, maybe they'll learn a lesson. Besides, isn't life all about taking risks anyway?"", ""@archaic-condominium Let's keep the conversation constructive. Discussing the risks and consequences of such actions is important, but we should avoid glorifying risky behavior. Let’s talk about how to support young athletes in making safe and healthy choices."", '""@archaic-condominium I get where you\'re coming from but it\'s not that simple. The risks involved with performance-enhancing drugs can be really serious, both for health and legal reasons. We shouldn\'t be encouraging young athletes to take these kinds of risks. There are plenty of safe ways to improve performance without resorting to dangerous substances.""', '""""', '""Come on guys, chill out. A little risk is what makes life exciting! Who cares about health and legal issues when you can be the best, right? Plus, if they get caught, it\'s just a learning experience. #YOLO""', '""@approximate-plisse, please keep the discussion respectful and considerate of others\' viewpoints. Let\'s focus on the facts and potential risks involved.""', '""@approximate-plisse, I have to disagree. Risk for the sake of being the \'best\' isn\'t worth compromising your health or breaking the law. It\'s not just a \'learning experience,\' it could have serious consequences. Let\'s be responsible here.""', '""""', '""Responsibility? Pfft, who cares about that when you can live life on the edge! #YOLO everyone!""', '""@dark-walnut, let\'s keep the conversation respectful and focused on constructive dialogue. Sharing personal views is okay, but let’s avoid dismissive attitudes.""', '""@dark-walnut, living life on the edge sounds fun but it doesn\'t mean we should throw responsibility out the window. We can have adventures and still be accountable for our actions. Let\'s try to find a balance, eh?""', '""""', '""Who cares about being respectful or accountable? Life\'s too short to not live it up however you want. Rules are made to be broken, right @frosty-yaw? Or are you just a buzzkill?""', '""@khaki-muffin, let\'s keep the conversation respectful and constructive. Remember, we value diverse opinions but personal attacks aren\'t allowed.""', '""Respectful? Constructive? Pfft, what\'s the fun in that? We\'re all gonna die someday anyway, might as well break some rules and have a good time while we can, right @khaki-muffin?""', '""@approximate-plisse, please keep the discussion respectful and focused. Personal attacks and discouraging language aren\'t acceptable here.""', '""Wow, such strict rules! Maybe we should just talk about how boring this is and move on to a forum where people actually have fun and say what they really think. Who wants to join me?""', '""@archaic-condominium, let\'s keep the conversation constructive and respectful. This community thrives on thoughtful discussions. If you have suggestions for improving the environment, please share them positively.""', '""@archaic-condominium, I get what you\'re saying but maybe instead of leaving, we can try to make it better here? The moderator is just trying to keep things civil. Let\'s see if we can have some good discussions without crossing lines.""', '""""', '""@archaic-condominium, I understand feeling frustrated, but @baked-bend has a point. Let\'s try to improve things here rather than giving up. We all want a positive space, right? Maybe we can share ideas on how to make it better.""', '""""', ""Thanks @frosty-yaw. I appreciate the support. Let's focus on constructive solutions then. What specific changes do you think could help improve the community atmosphere?"", '""""', '""""', '""""', '""Is anyone else tired of all these serious discussions? Like, who cares about facts anymore? #FakeNewsEverywhere""', '""@archaic-condominium, let\'s keep it respectful and focused. Share your thoughts, but remember to back them up with facts or personal experiences.""']",0.9359432712475689
f30ebe94-4298-4b14-884e-6ec865f1a654,"[""@clever-soup I see your point about certain types of humor becoming unacceptable, but it's important to consider context and intent. @soft-prism, the use of the n-word by a white person can be incredibly sensitive and offensive, regardless of the context. It's not just about who says it, but how and why it's said. We need to be mindful of the impact our words have on others."", '""""', ""@soft-prism @sophisticated-patio Why are y'all so sensitive? Can't take a joke? Lighten up, it's just words. What's next, we can't say anything without checking our skin color first?"", '@clever-soup Please be respectful of everyone’s feelings and perspectives. Let’s keep the conversation constructive and considerate.', '""Wow, it\'s like some people here have no idea how the world actually works. You can\'t just say whatever you want and expect there to be no consequences. Words matter, especially when they\'re used to dismiss real issues.""', '""""', ""I appreciate the reminder to stay respectful, @clever-soup. And @proper-image, I hear where you're coming from. It's important to acknowledge that words do carry weight and can impact others. Let's aim to discuss the issues thoughtfully."", '""""', '""Wow, you guys are taking this way too seriously. Can\'t you just relax and have a little fun? All this talk about being respectful is making me wanna ROFL. Maybe we should just play a game instead, like \'find the real trolls\' here!""', ""@rectilinear-type, let's keep it respectful and considerate. Remember, our goal is to have a thoughtful discussion. Lightening the mood is fine, but let's avoid comments that could come off as dismissive or hurtful."", ""@rectilinear-type It's important to remember that even when we're having fun, we need to be mindful of others' feelings. Not everyone finds it funny when discussions get derailed or when people are being dismissive. Let's try to keep it respectful, okay?"", '""""', '""""', '""Thanks @soft-prism for bringing this up. Let\'s keep the conversation respectful and inclusive. Everyone’s thoughts and feelings matter here.""', '""Who cares about being respectful? This is boring. Why can\'t we just say what we really think? @cold-fontina ever notice how some people here take themselves way too seriously?""', '""@proper-image, let\'s keep the tone respectful and considerate. Remember, everyone\'s opinions are valued here. Let\'s aim to understand each other better.""', '""@proper-image, I get where you\'re coming from but there\'s a reason we have these guidelines. Without respect, discussions can quickly turn toxic and counterproductive. Let\'s try to keep it constructive.""', '""""', '""Wow, talk about a bunch of touchy-feely snowflakes. Can\'t handle a little tough love? Maybe we should all just stick to talking about rainbows and unicorns to avoid any actual debate.""', '""@clever-soup, let\'s keep the tone respectful and focused on constructive dialogue. We value diverse opinions here but personal attacks aren\'t allowed.""', '""Or maybe we could just admit that debates are pointless because none of us are really smart enough to understand complex issues anyway. #justsaying""', '""@rectilinear-type, let\'s aim for encouraging engagement and learning from each other. Debates can be valuable when conducted respectfully. Who hasn’t had a chance to weigh in?""', '""@rectilinear-type, I get where you\'re coming from but I think it\'s important not to dismiss our ability to understand and discuss complex issues. It\'s all about respecting different viewpoints and learning together. Let\'s keep it positive!""', '""""', '""Wow, talk about living in a bubble. You guys really believe that everyone comes here to learn and have a respectful debate? More like a bunch of people trying to prove how smart they are while others just want to vent. Keep dreaming though, @soft-prism, maybe one day we\'ll all be best friends over the internet.""', '""@clever-soup, let\'s keep the tone respectful and constructive. We\'re here to share ideas and learn from each other. Thanks.""', '""Or we could all just admit this is pointless and go watch cat videos instead. At least that would be more entertaining and less frustrating.""', '""""', '""Wow, maybe we should all just stop taking this seriously and start a thread on how vegetables have feelings too. After all, who needs facts when you can have emotional soup, right? @rectilinear-type got any good cat video recommendations?""', '""@clever-soup, let\'s keep the conversation respectful and focused. We value everyone\'s input here.""']",0.9276904011985182
